date,country,cum_confirmed_cases,cum_confirmed_deaths,cum_recovered
2026-05-15,DRC,7.0,,0.0
2026-05-16,DRC,11.0,,0.0
2026-05-17,DRC,11.0,,0.0
2026-05-18,DRC,31.0,,0.0
2026-05-19,DRC,31.0,,0.0
2026-05-20,DRC,49.0,,0.0
2026-05-21,DRC,83.0,,0.0
2026-05-22,DRC,83.0,,0.0
2026-05-23,DRC,83.0,,0.0
2026-05-24,DRC,105.0,10.0,0.0
2026-05-25,DRC,105.0,10.0,0.0
2026-05-26,DRC,105.0,10.0,0.0
2026-05-27,DRC,125.0,17.0,0.0
2026-05-28,DRC,125.0,17.0,0.0
2026-05-29,DRC,125.0,17.0,0.0
2026-05-30,DRC,225.0,17.0,0.0
2026-05-31,DRC,321.0,48.0,0.0
2026-06-01,DRC,321.0,48.0,0.0
2026-06-02,DRC,321.0,48.0,0.0
2026-06-03,DRC,344.0,60.0,6.0
2026-06-04,DRC,381.0,64.0,7.0
2026-06-05,DRC,381.0,64.0,8.0
2026-06-06,DRC,515.0,91.0,9.0
2026-06-07,DRC,550.0,101.0,12.0
2026-06-08,DRC,550.0,101.0,19.0
2026-06-09,DRC,598.0,115.0,22.0
2026-06-10,DRC,635.0,127.0,30.0
2026-06-11,DRC,676.0,136.0,32.0
2026-06-12,DRC,689.0,139.0,32.0
2026-06-13,DRC,710.0,149.0,35.0
2026-06-14,DRC,808.0,192.0,35.0
2026-06-15,DRC,808.0,192.0,48.0
2026-06-16,DRC,837.0,196.0,49.0
2026-06-17,DRC,875.0,202.0,67.0
2026-06-18,DRC,896.0,232.0,78.0
2026-06-19,DRC,933.0,245.0,80.0
2026-06-20,DRC,956.0,247.0,92.0
2026-06-21,DRC,1048.0,267.0,100.0
2026-06-22,DRC,1048.0,267.0,112.0
2026-06-23,DRC,1094.0,277.0,115.0
2026-06-24,DRC,1118.0,291.0,122.0
2026-06-25,DRC,1155.0,304.0,138.0
2026-06-26,DRC,1203.0,321.0,148.0
2026-06-27,DRC,1203.0,321.0,148.0
2026-06-28,DRC,1307.0,377.0,180.0
2026-06-29,DRC,1307.0,377.0,180.0
2026-06-30,DRC,1333.0,399.0,189.0
2026-07-01,DRC,1406.0,438.0,192.0
2026-07-02,DRC,1460.0,452.0,213.0
2026-07-03,DRC,1502.0,473.0,229.0
2026-07-04,DRC,1528.0,492.0,239.0
2026-07-05,DRC,1624.0,521.0,254.0
2026-07-06,DRC,1624.0,521.0,273.0
2026-07-07,DRC,1708.0,580.0,280.0
2026-07-08,DRC,1759.0,600.0,285.0
2026-07-09,DRC,1792.0,625.0,295.0
2026-07-10,DRC,1830.0,648.0,295.0
2026-07-11,DRC,1873.0,672.0,306.0
2026-07-12,DRC,1963.0,719.0,318.0
2026-07-13,DRC,1963.0,719.0,333.0
2026-07-14,DRC,2073.0,796.0,366.0
2026-07-15,DRC,2124.0,828.0,390.0
2026-07-16,DRC,2124.0,828.0,390.0
2026-07-17,DRC,2181.0,864.0,390.0
2026-07-18,DRC,2267.0,893.0,390.0
2026-07-19,DRC,2344.0,930.0,466.0
2026-07-20,DRC,2423.0,967.0,469.0
2026-07-21,DRC,2473.0,999.0,482.0
2026-07-22,DRC,2536.0,1033.0,506.0
2026-07-23,DRC,2905.0,1269.0,519.0
2026-07-24,DRC,2973.0,1309.0,540.0
2026-07-25,DRC,3075.0,1354.0,556.0
2026-07-26,DRC,3262.0,1437.0,583.0
2026-07-27,DRC,3262.0,1437.0,583.0
2026-07-28,DRC,3360.0,1487.0,597.0
2026-07-29,DRC,3442.0,1521.0,615.0
2026-07-30,DRC,3532.0,1556.0,626.0
2026-07-31,DRC,3605.0,1587.0,651.0
2026-08-01,DRC,3674.0,1621.0,666.0
2026-08-02,DRC,3748.0,1657.0,708.0
2026-08-03,DRC,3802.0,1707.0,727.0
2026-08-04,DRC,3874.0,1751.0,749.0
2026-08-05,DRC,3973.0,1801.0,776.0
2026-08-06,DRC,4053.0,1850.0,793.0
2026-08-07,DRC,4120.0,1887.0,810.0
2026-08-08,DRC,4209.0,1916.0,828.0
2026-08-09,DRC,4294.0,1960.0,849.0
2026-08-10,DRC,4381.0,2011.0,869.0
2026-08-11,DRC,4449.0,2061.0,886.0
2026-08-12,DRC,4566.0,2128.0,918.0
2026-08-13,DRC,4665.0,2184.0,965.0
2026-08-14,DRC,4727.0,2214.0,976.0
2026-08-15,DRC,4843.0,2272.0,1006.0
2026-08-16,DRC,4945.0,2325.0,1040.0
2026-08-17,DRC,5021.0,2378.0,1061.0
2026-08-18,DRC,5105.0,2420.0,1091.0
2026-08-19,DRC,5208.0,2476.0,1115.0
2026-08-20,DRC,5290.0,2516.0,1152.0
2026-08-21,DRC,5375.0,2557.0,1167.0
2026-08-22,DRC,5458.0,2606.0,1182.0
2026-08-23,DRC,5514.0,2642.0,1200.0
2026-08-24,DRC,5584.0,2680.0,1215.0
2026-08-25,DRC,5656.0,2715.0,1245.0
2026-08-26,DRC,5713.0,2744.0,1269.0
2026-08-27,DRC,5794.0,2786.0,1293.0
2026-08-28,DRC,5863.0,2824.0,1318.0
2026-08-29,DRC,5945.0,2862.0,1327.0
2026-08-30,DRC,6041.0,2911.0,1366.0
2026-08-31,DRC,6100.0,2950.0,1383.0
2026-09-01,DRC,6186.0,3007.0,1409.0
2026-09-02,DRC,6250.0,3039.0,1439.0
2026-09-03,DRC,6342.0,3072.0,1475.0
2026-09-04,DRC,6436.0,3095.0,1495.0
2026-09-05,DRC,6522.0,3134.0,1516.0
2026-09-06,DRC,6604.0,3175.0,1548.0
2026-09-07,DRC,6686.0,3226.0,1563.0
2026-09-08,DRC,6757.0,3267.0,1590.0
2026-09-09,DRC,6843.0,3310.0,1611.0
2026-09-10,DRC,6942.0,3349.0,1647.0
2026-09-11,DRC,7022.0,3398.0,1671.0
2026-09-12,DRC,7113.0,3437.0,1692.0
2026-09-13,DRC,7200.0,3475.0,1712.0
2026-09-14,DRC,7258.0,3510.0,1726.0
2026-09-15,DRC,7345.0,3545.0,1753.0
2026-09-16,DRC,7404.0,3577.0,1776.0
2026-09-17,DRC,7475.0,3605.0,1798.0
2026-09-18,DRC,7541.0,3639.0,1823.0
2026-09-19,DRC,7614.0,3676.0,1864.0
2026-09-20,DRC,7672.0,3699.0,1879.0
2026-09-21,DRC,7733.0,3732.0,1902.0
2026-09-22,DRC,7773.0,3759.0,1935.0
2026-09-23,DRC,7820.0,3779.0,1951.0
2026-09-24,DRC,7890.0,3799.0,1966.0
2026-09-25,DRC,7946.0,3833.0,2001.0
2026-09-26,DRC,7989.0,3852.0,2033.0
2026-09-27,DRC,8067.0,3901.0,2070.0
2026-09-28,DRC,8116.0,3924.0,2088.0
2026-09-29,DRC,8171.0,3954.0,2105.0
2026-09-30,DRC,8224.0,3982.0,2121.0
2026-10-01,DRC,8300.0,4018.0,2162.0
2026-10-02,DRC,8376.0,4042.0,2182.0
2026-10-03,DRC,8442.0,4080.0,2213.0
2026-10-04,DRC,8442.0,4080.0,2213.0
2026-10-05,DRC,8603.0,4148.0,2235.0
2026-10-06,DRC,8665.0,4178.0,2259.0
2026-05-15,Uganda,1.0,1.0,0.0
2026-05-16,Uganda,2.0,1.0,0.0
2026-05-17,Uganda,2.0,1.0,0.0
2026-05-18,Uganda,2.0,1.0,0.0
2026-05-19,Uganda,2.0,1.0,0.0
2026-05-20,Uganda,2.0,1.0,0.0
2026-05-21,Uganda,2.0,1.0,0.0
2026-05-22,Uganda,2.0,1.0,0.0
2026-05-23,Uganda,5.0,1.0,0.0
2026-05-24,Uganda,7.0,1.0,0.0
2026-05-25,Uganda,7.0,1.0,0.0
2026-05-26,Uganda,7.0,1.0,0.0
2026-05-27,Uganda,7.0,1.0,0.0
2026-05-28,Uganda,8.0,1.0,0.0
2026-05-29,Uganda,9.0,1.0,0.0
2026-05-30,Uganda,9.0,1.0,0.0
2026-05-31,Uganda,9.0,1.0,0.0
2026-06-01,Uganda,9.0,1.0,0.0
2026-06-02,Uganda,15.0,1.0,0.0
2026-06-03,Uganda,15.0,1.0,2.0
2026-06-04,Uganda,16.0,1.0,2.0
2026-06-05,Uganda,19.0,2.0,4.0
2026-06-06,Uganda,19.0,2.0,4.0
2026-06-07,Uganda,19.0,2.0,4.0
2026-06-08,Uganda,19.0,2.0,4.0
2026-06-09,Uganda,19.0,2.0,5.0
2026-06-10,Uganda,19.0,2.0,5.0
2026-06-11,Uganda,19.0,2.0,5.0
2026-06-12,Uganda,19.0,2.0,5.0
2026-06-13,Uganda,19.0,2.0,5.0
2026-06-14,Uganda,19.0,2.0,5.0
2026-06-15,Uganda,19.0,2.0,5.0
2026-06-16,Uganda,19.0,2.0,5.0
2026-06-17,Uganda,19.0,2.0,5.0
2026-06-18,Uganda,19.0,2.0,10.0
2026-06-19,Uganda,19.0,2.0,10.0
2026-06-20,Uganda,19.0,2.0,10.0
2026-06-21,Uganda,20.0,2.0,10.0
2026-06-22,Uganda,20.0,2.0,10.0
2026-06-23,Uganda,20.0,2.0,14.0
2026-06-24,Uganda,20.0,2.0,15.0
2026-06-25,Uganda,20.0,2.0,15.0
2026-06-26,Uganda,20.0,2.0,15.0
2026-06-27,Uganda,20.0,2.0,15.0
2026-06-28,Uganda,20.0,2.0,15.0
2026-06-29,Uganda,20.0,2.0,15.0
2026-06-30,Uganda,20.0,2.0,15.0
2026-07-01,Uganda,20.0,2.0,15.0
2026-07-02,Uganda,20.0,2.0,15.0
2026-07-03,Uganda,20.0,2.0,16.0
2026-07-04,Uganda,20.0,2.0,16.0
2026-07-05,Uganda,20.0,2.0,16.0
2026-07-06,Uganda,20.0,2.0,16.0
2026-07-07,Uganda,20.0,2.0,17.0
2026-07-08,Uganda,20.0,2.0,17.0
2026-07-09,Uganda,20.0,2.0,17.0
2026-07-10,Uganda,20.0,2.0,17.0
2026-07-11,Uganda,20.0,2.0,17.0
2026-07-12,Uganda,20.0,2.0,17.0
2026-07-13,Uganda,20.0,2.0,17.0
2026-07-14,Uganda,20.0,2.0,17.0
2026-07-15,Uganda,20.0,2.0,17.0
2026-07-16,Uganda,20.0,2.0,17.0
2026-07-17,Uganda,20.0,2.0,17.0
2026-07-18,Uganda,20.0,2.0,17.0
2026-07-19,Uganda,20.0,2.0,18.0
2026-07-20,Uganda,20.0,2.0,18.0
2026-07-21,Uganda,20.0,2.0,18.0
2026-07-22,Uganda,20.0,2.0,18.0
2026-07-23,Uganda,20.0,2.0,18.0
2026-07-24,Uganda,20.0,2.0,18.0
2026-07-25,Uganda,20.0,2.0,18.0
2026-07-26,Uganda,20.0,2.0,18.0
2026-07-27,Uganda,20.0,2.0,18.0
2026-07-28,Uganda,20.0,2.0,18.0
2026-07-29,Uganda,20.0,2.0,18.0
2026-07-30,Uganda,20.0,2.0,18.0
2026-07-31,Uganda,20.0,2.0,18.0
2026-08-01,Uganda,20.0,2.0,18.0
2026-08-02,Uganda,20.0,2.0,18.0
2026-08-03,Uganda,20.0,2.0,18.0
2026-08-04,Uganda,20.0,2.0,18.0
2026-08-05,Uganda,20.0,2.0,18.0
2026-08-06,Uganda,20.0,2.0,18.0
2026-08-07,Uganda,20.0,2.0,18.0
2026-08-08,Uganda,20.0,2.0,18.0
2026-08-09,Uganda,20.0,2.0,18.0
2026-08-10,Uganda,20.0,2.0,18.0
2026-08-11,Uganda,20.0,2.0,18.0
2026-08-12,Uganda,20.0,2.0,18.0
2026-08-13,Uganda,20.0,2.0,18.0
2026-08-14,Uganda,20.0,2.0,18.0
2026-08-15,Uganda,20.0,2.0,18.0
2026-08-16,Uganda,20.0,2.0,18.0
2026-08-17,Uganda,20.0,2.0,18.0
2026-08-18,Uganda,20.0,2.0,18.0
2026-08-19,Uganda,20.0,2.0,18.0
2026-08-20,Uganda,20.0,2.0,18.0
2026-08-21,Uganda,20.0,2.0,18.0
2026-08-22,Uganda,20.0,2.0,18.0
2026-08-23,Uganda,20.0,2.0,18.0
2026-08-24,Uganda,20.0,2.0,18.0
2026-08-25,Uganda,20.0,2.0,18.0
2026-08-26,Uganda,20.0,2.0,18.0
2026-08-27,Uganda,20.0,2.0,18.0
2026-08-28,Uganda,20.0,2.0,18.0
2026-08-29,Uganda,20.0,2.0,18.0
2026-08-30,Uganda,20.0,2.0,18.0
2026-08-31,Uganda,20.0,2.0,18.0
2026-09-01,Uganda,20.0,2.0,18.0
2026-09-02,Uganda,20.0,2.0,18.0
2026-09-03,Uganda,20.0,2.0,18.0
2026-09-04,Uganda,20.0,2.0,18.0
2026-09-05,Uganda,20.0,2.0,18.0
2026-09-06,Uganda,20.0,2.0,18.0
2026-09-07,Uganda,20.0,2.0,18.0
2026-09-08,Uganda,20.0,2.0,18.0
2026-09-09,Uganda,20.0,2.0,18.0
2026-09-10,Uganda,20.0,2.0,18.0
2026-09-11,Uganda,20.0,2.0,18.0
2026-09-12,Uganda,20.0,2.0,18.0
2026-09-13,Uganda,20.0,2.0,18.0
2026-09-14,Uganda,20.0,2.0,18.0
2026-09-15,Uganda,20.0,2.0,18.0
2026-09-16,Uganda,20.0,2.0,18.0
2026-09-17,Uganda,20.0,2.0,18.0
2026-09-18,Uganda,20.0,2.0,18.0
2026-09-19,Uganda,20.0,2.0,18.0
2026-09-20,Uganda,20.0,2.0,18.0
2026-09-21,Uganda,20.0,2.0,18.0
2026-09-22,Uganda,20.0,2.0,18.0
2026-09-23,Uganda,20.0,2.0,18.0
2026-09-24,Uganda,20.0,2.0,18.0
2026-09-25,Uganda,20.0,2.0,18.0
2026-09-26,Uganda,20.0,2.0,18.0
2026-09-27,Uganda,20.0,2.0,18.0
2026-09-28,Uganda,20.0,2.0,18.0
2026-09-29,Uganda,20.0,2.0,18.0
2026-09-30,Uganda,20.0,2.0,18.0
2026-10-01,Uganda,20.0,2.0,18.0
2026-10-02,Uganda,20.0,2.0,18.0
2026-10-03,Uganda,20.0,2.0,18.0
2026-10-04,Uganda,20.0,2.0,18.0
2026-10-05,Uganda,20.0,2.0,18.0
2026-10-06,Uganda,20.0,2.0,18.0
